word,count
dan,4047
yang,3272
di,2467
pada,1921
dengan,1239
tahun,1212
dalam,1185
ini,1109
untuk,923
oleh,858
ke,830
dari,785
sebagai,748
kepada,601
negara,540
telah,516
ialah,515
daripada,491
adalah,471
juga,439
atau,433
amerika,411
itu,401
tidak,400
kerajaan,395
merupakan,388
perang,387
syarikat,374
orang,364
menjadi,364
sebuah,348
mereka,347
bahasa,339
ia,331
dunia,323
satu,322
saint,302
lebih,294
korea,282
tentera,273
wilayah,273
utara,272
empayar,271
seperti,270
zaman,266
kanada,266
beliau,264
antara,261
pertama,258
besar,258
selepas,255
perancis,253
lain,251
jepun,251
british,249
abad,245
selatan,236
kawasan,236
barat,232
filem,231
sejarah,225
boleh,223
dua,223
eropah,221
timur,221
jerman,217
bagi,217
negeri,214
is,211
deprecated,208
secara,207
sehingga,202
semasa,197
kuasa,196
bandar,195
tetapi,192
banyak,190
rencana,189
mana,187
the,183
kedua,183
nama,182
mempunyai,180
tersebut,180
termasuk,175
serta,173
de,173
kota,173
beberapa,172
atas,170
raja,170
ahli,169
romania,166
masa,165
laut,165
bawah,159
tiga,158
china,157
of,156
inggeris,155
digunakan,151
dikenali,149
seorang,147
asia,144
paling,144
sama,143
la,143
kemudian,142
penduduk,142
india,141
baru,139
bahawa,136
kerana,135
hingga,135
utama,133
an,133
britain,129
pihak,129
tunas,128
apabila,128
bahagian,126
ekonomi,126
akhir,126
tanah,125
sejak,125
ketika,123
code,122
islam,122
itali,122
templat,121
awal,121
sebahagian,121
terbesar,120
iaitu,120
belanda,120
terletak,117
rom,117
goguryeo,117
bermula,116
undang,116
tengah,115
bersama,115
pulau,114
kurun,114
mula,112
bangsa,112
salah,112
sungai,112
pemerintahan,111
perpustakaan,111
membantu,110
kira,110
kebanyakan,109
hungary,108
ii,107
walaupun,107
lagi,106
para,106
cina,103
menggunakan,102
kini,102
juta,102
budaya,102
terdapat,102
tempat,102
silla,102
masjid,102
tempoh,101
akan,101
terhadap,101
melalui,101
sebelum,100
politik,100
sekitar,99
afrika,98
sepanyol,98
hari,97
hanya,97
kecil,97
perdagangan,97
seluruh,95
republik,95
pertempuran,95
malaysia,94
luar,94
dinasti,94
serangan,94
gereja,94
anda,93
buku,93
perjanjian,93
sur,91
kumpulan,90
wikipedia,90
new,90
pasukan,90
setiap,89
ada,88
pertengahan,86
lama,86
sultan,86
sistem,85
berjaya,85
kapal,85
semula,84
kesatuan,84
daerah,84
mengenai,83
namun,83
sm,83
soviet,83
rasmi,82
menerima,82
pusat,82
le,82
kali,81
semenanjung,81
selama,80
penting,80
membawa,80
rusia,80
setelah,79
baekje,79
mengembangkannya,78
united,78
agama,78
televisyen,77
antarabangsa,77
maharaja,77
ibu,76
jumlah,76
suatu,75
history,73
pelbagai,73
anak,73
batu,73
menyebabkan,73
berkembang,73
moden,72
al,72
kingdom,71
scotland,71
sendiri,71
tinggi,71
empat,71
kongres,71
fizik,70
arab,70
england,70
anugerah,69
bukan,69
terdiri,69
air,69
turut,68
masih,68
istilah,67
mencapai,67
muzik,67
yunani,67
ramai,67
merujuk,67
presiden,67
sangat,66
kemerdekaan,66
pertandingan,66
bagaimanapun,66
kura,66
parti,65
mesir,65
melayu,64
kemudiannya,64
hampir,64
persekutuan,64
lagu,63
akhirnya,63
pernah,63
berada,63
ireland,63
baginda,63
kerja,62
john,61
membentuk,61
semua,61
masyarakat,61
berlaku,61
buah,61
kuil,61
raya,60
bersatu,60
ditubuhkan,60
seni,60
sukan,59
rakyat,59
jajahan,59
memberi,59
waktu,59
pula,59
media,59
paus,59
terkenal,58
dapat,58
perkhidmatan,58
mei,58
terutamanya,58
biasanya,57
bentuk,57
hubungan,57
kembali,57
rancangan,56
memiliki,56
hadiah,56
terus,56
bukit,56
tibet,56
berkaitan,55
diri,55
hak,55
and,55
operasi,55
selain,55
berasal,55
koloni,55
sering,55
spesies,55
dia,54
lalu,54
mengambil,54
rumah,54
yahudi,54
sepanjang,53
sumber,53
nobel,53
diadakan,53
pantai,53
sebelumnya,52
tenggara,52
kanak,52
dianggap,52
masing,52
mendapat,52
awam,52
ketua,51
majlis,51
lelaki,51
kepulauan,51
bersekutu,51
st,50
gelaran,50
kematian,50
australia,49
diasaskan,49
berkenaan,49
dasar,49
bulan,49
as,48
bebas,48
angkatan,48
udara,48
kristian,48
les,48
en,48
sementara,48
wang,48
kurang,48
september,47
london,47
lima,47
dipanggil,47
keluarga,47
terakhir,47
sempadan,47
kemenangan,47
mungkin,47
era,47
pemerintah,47
tang,47
senyap,47
mac,46
sebanyak,46
universiti,46
april,46
berbeza,46
pentadbiran,46
peranan,46
ketenteraan,46
kebangsaan,46
menubuhkan,46
anjing,46
turki,46
usaha,45
menteri,45
membuat,45
terbang,45
sahaja,45
teknologi,45
benua,45
revolusi,45
kejatuhan,45
disebabkan,45
paksi,45
filipina,44
umum,44
in,44
tentang,44
baik,44
hidup,44
tv,44
wujud,44
disebut,44
membina,44
manakala,44
bahan,44
memenangi,43
wanita,43
agung,43
oktober,43
lautan,43
darat,43
jika,42
januari,42
tanpa,42
ketiga,42
bekas,42
diraja,42
mahkota,42
pertubuhan,42
res,42
jun,42
disember,42
james,42
ogos,42
khan,42
johor,42
bangunan,41
pendidikan,41
peperangan,41
karya,41
provinsi,41
katolik,41
menunjukkan,41
menguasai,41
putera,41
palestin,41
sains,40
sosial,40
menurut,40
pasifik,40
rantau,40
musim,40
bantuan,40
acara,40
penerbangan,40
video,39
peristiwa,39
november,39
industri,39
biasa,39
akademi,39
latin,39
du,39
tempatan,39
jenis,39
kempen,39
byzantine,39
iii,39
perdana,38
muncul,38
alam,38
teori,38
lapangan,38
sekarang,38
kalangan,38
sesetengah,38
menyertai,38
charles,38
kawalan,38
unit,38
atlantik,38
memberikan,38
mongol,38
walau,38
koleksi,38
merangkumi,37
luas,37
hasil,37
kesan,37
asas,37
pengaruh,37
manusia,37
berikutan,37
berbanding,37
tertinggi,37
golongan,37
saudara,37
pakaian,37
puak,37
agm,37
diterbitkan,36
berkhidmat,36
kekal,36
perkataan,36
langsung,36
kedudukan,36
portugal,36
teks,36
menyatakan,35
geografi,35
penggunaan,35
akta,35
et,35
sekali,35
mengikut,35
tanjong,35
kebudayaan,35
penaklukan,34
mengalami,34
siri,34
enam,34
berlangsung,34
gabungan,34
dibina,34
memerintah,34
menentang,34
jeneral,34
labi,34
peringkat,34
saluran,33
melihat,33
sir,33
permainan,33
asal,33
berubah,33
asing,33
bola,33
pegawai,33
pertanian,33
api,33
kadar,33
meningkat,33
menyerang,33
mosko,33
pembangunan,32
menjelang,32
kelas,32
perubatan,32
pesawat,32
liga,32
eurovision,32
perlembagaan,32
kaum,32
julai,32
tetap,32
borneo,32
semakin,32
airlines,32
bergantung,32
joseon,32
suhu,32
ayam,32
jackson,32
perubahan,31
pelakon,31
parsi,31
tapak,31
on,31
jawatan,31
dewan,31
berkuasa,31
dibuat,31
takhta,31
berdasarkan,31
muhammad,31
keadaan,31
tarikh,31
kong,30
begitu,30
cuba,30
kajian,30
akibat,30
sudah,30
purba,30
tuan,30
februari,30
quebec,30
mata,30
muslim,30
konflik,30
kuala,30
penyu,30
pejabat,30
brunei,30
austria,30
protestan,30
berakhir,30
warna,29
york,29
kehidupan,29
bidang,29
terlibat,29
tiada,29
sepak,29
diberikan,29
km,29
dinamakan,29
kertas,29
arah,29
tahunan,29
menghasilkan,29
genus,29
goryeo,29
sekutu,29
solat,29
berikutnya,28
tindakan,28
dahulu,28
hujan,28
hitam,28
struktur,28
cara,28
jalan,28
abu,28
singapura,28
sokongan,28
ref,28
khususnya,28
keseluruhan,28
menyaksikan,28
angkasa,28
tangan,28
masuk,28
menduduki,28
mediterranean,28
anggota,28
tujuh,28
hitler,28
parlimen,28
akhbar,28
asli,28
dibahagikan,28
alat,28
manchuria,28
gaya,28
north,28
zh,28
konsol,28
ciri,28
uthmaniyah,28
hong,27
zealand,27
permulaan,27
hal,27
penyelidikan,27
sebab,27
meliputi,27
indonesia,27
ralat,27
tag,27
bernama,27
khusus,27
daya,27
kimia,27
ditentukan,27
makanan,27
pertahanan,27
anti,27
poland,27
kuat,27
suku,27
tasik,27
perkembangan,26
penyatuan,26
diberi,26
rendah,26
kata,26
gerakan,26
separuh,26
ditemui,26
re,26
hamba,26
suci,26
komunis,26
perlawanan,26
perundangan,26
diperkenalkan,26
jauh,26
sejuk,26
tinggal,26
maklumat,25
panas,25
unsur,25
nazi,25
dipilih,25
arkeologi,25
badan,25
petik,25
references,25
koordinat,25
bersetuju,25
pribumi,25
pasaran,25
kereta,25
asalnya,25
kilometer,25
sejenis,25
berikut,25
menjadikan,25
balhae,25
israel,25
anglikan,25
penerbitan,24
web,24
tekanan,24
berterusan,24
menarik,24
tokoh,24
george,24
jawi,24
menyediakan,24
tradisi,24
putih,24
surat,24
individu,24
meskipun,24
jean,24
hilang,24
gunung,24
penjajahan,24
penubuhan,24
institusi,24
panjang,24
terutama,24
radio,24
persatuan,24
sweden,24
pencerobohan,24
memainkan,24
persegi,24
kelompok,24
garis,24
bakar,24
imam,24
mussolini,24
vietnam,24
berbahasa,23
menulis,23
edisi,23
bermaksud,23
catatan,23
sejarawan,23
kaedah,23
meluas,23
pelabuhan,23
satunya,23
des,23
ja,23
mengisytiharkan,23
apa,23
upacara,23
muda,23
agak,23
dilakukan,23
kuno,23
meninggal,23
komuniti,23
imej,23
maka,23
pemimpin,23
sedikit,23
robert,23
gojoseon,23
keturunan,23
merdeka,23
penonton,23
pendatang,23
penulis,22
memilih,22
astronomi,22
konsep,22
gambar,22
kelahiran,22
ms,22
ilmu,22
perkara,22
medan,22
edward,22
san,22
terbaik,22
tertua,22
mengawal,22
nota,22
mulanya,22
switzerland,22
kadang,22
membenarkan,22
melakukan,22
kekuasaan,22
jatuh,22
datang,22
artis,22
global,22
brazil,22
pemenang,22
gagal,22
kewangan,22
minoriti,22
berikat,22
amat,22
penuh,22
alih,22
istana,22
nilai,22
balas,22
bertujuan,22
mengalahkan,22
cukai,22
iv,22
mengekalkan,22
bukti,22
dikatakan,22
bina,22
perlu,22
peti,22
misi,22
genre,21
drama,21
konservatif,21
pilihan,21
jabatan,21
laman,21
popular,21
ruang,21
bertanggungjawab,21
diketahui,21
bertahan,21
perniagaan,21
segi,21
hindia,21
victoria,21
pesat,21
berhampiran,21
dilihat,21
tujuan,21
membuka,21
laluan,21
william,21
keempat,21
tambahan,21
kecuali,21
sekolah,21
mendirikan,21
telupid,21
pemberontakan,21
terawal,21
elektronik,21
askar,21
kelab,21
bendera,21
memegang,21
kategori,21
yugoslavia,21
kepausan,21
mahupun,21
purata,21
disiarkan,20
pakar,20
martin,20
siti,20
termasuklah,20
tertentu,20
rekod,20
ibn,20
melancarkan,20
rujukan,20
lakonan,20
sahara,20
bank,20
peraturan,20
pembinaan,20
mati,20
bergerak,20
rakaman,20
dijumpai,20
kesemua,20
buddha,20
kejohanan,20
belgium,20
bulgaria,20
piagam,20
mongolia,20
mempengaruhi,20
pakatan,20
pembaharuan,20
terpaksa,20
rangkaian,20
rata,20
kancah,20
leo,20
berlin,20
burung,20
pustakawan,20
diikuti,19
uk,19
matematik,19
berpengaruh,19
washington,19
sempena,19
dianugerahkan,19
album,19
penemuan,19
persembahan,19
etnik,19
dikawal,19
dilantik,19
paris,19
memperoleh,19
vi,19
paul,19
internet,19
program,19
kejayaan,19
masakan,19
seterusnya,19
rampasan,19
emas,19
majoriti,19
beraja,19
mendapatkan,19
ditawan,19
bekerja,19
sri,19
bunyi,19
bandaraya,19
keputusan,19
luxembourg,19
mahkamah,19
besi,19
hulu,19
sepenuhnya,19
bumi,19
pemburu,19
ng,19
dominion,19
senator,19
skor,19
dilancarkan,18
dikeluarkan,18
david,18
malam,18
mengasaskan,18
berasaskan,18
pengarah,18
objek,18
mencari,18
senarai,18
dokumentari,18
hiburan,18
mampu,18
berkongsi,18
abdul,18
masalah,18
dibentuk,18
ratu,18
dijadikan,18
sebilangan,18
dipakai,18
organisasi,18
membolehkan,18
memasuki,18
teknik,18
pendudukan,18
sah,18
aktiviti,18
mencipta,18
belas,18
bergabung,18
pengangkutan,18
kehilangan,18
sandakan,18
lembah,18
baka,18
fifa,18
merah,18
imperial,18
membangunkan,18
perikatan,18
kekalahan,18
samhan,18
buyeo,18
memulakan,18
status,18
romawi,18
komedi,18
napoleon,18
canada,18
versi,17
ko,17
kim,17
dibangunkan,17
senjata,17
isu,17
lihat,17
menolak,17
sewaktu,17
bintang,17
ar,17
keluaran,17
kesihatan,17
bilangan,17
percetakan,17
diketuai,17
sebelah,17
tebing,17
henry,17
bangsawan,17
diperintah,17
olimpik,17
berasingan,17
klasik,17
ch,17
cepat,17
kedaulatan,17
kepentingan,17
menyerahkan,17
tanjung,17
saham,17
persidangan,17
berpusat,17
digantikan,17
autonomi,17
dalaman,17
menara,17
saiz,17
wangsa,17
pemain,17
pertumbuhan,17
komanwel,17
kemajuan,17
buddhisme,17
penguasa,17
army,17
pupus,17
mamluk,17
massa,17
gurun,17
menyatukan,16
proses,16
saintifik,16
cambridge,16
didirikan,16
perjalanan,16
bertindak,16
michael,16
mewujudkan,16
los,16
angeles,16
navy,16
teluk,16
group,16
jadi,16
diterima,16
kesusasteraan,16
bois,16
sainte,16
my,16
baharu,16
lahir,16
jordan,16
ditambah,16
gabenor,16
kubu,16
demokrasi,16
khas,16
mengakibatkan,16
portugis,16
menandakan,16
langkah,16
kebangkitan,16
tenaga,16
norway,16
awalnya,16
dikalahkan,16
pembahagian,16
great,16
cukup,16
park,16
penempatan,16
diduduki,16
rakan,16
tanda,16
diambil,16
croatia,16
juara,16
sumitomo,16
diletakkan,16
ukraine,16
tembikar,16
menakluk,16
pengganti,16
besaran,16
konfederasi,16
penghormatan,16
melibatkan,16
berusaha,16
pantas,16
tradisional,16
pergerakan,16
kematiannya,16
menggantikan,16
saat,16
kiev,16
el,16
percaya,16
mgm,16
empayarnya,16
pentas,16
mendakwa,16
pbb,16
anatolia,16
airways,16
mh,16
channel,15
spesifik,15
peribadi,15
kompleks,15
for,15
ali,15
warisan,15
herodotus,15
unik,15
penduduknya,15
taman,15
penjajah,15
beralih,15
keluasan,15
mulai,15
loire,15
kerap,15
jawatankuasa,15
ditetapkan,15
sebarang,15
dirujuk,15
perempuan,15
dipercayai,15
jarak,15
dekad,15
perhatian,15
pengembangan,15
roosevelt,15
pendek,15
haiwan,15
menggabungkan,15
lapan,15
populasi,15
sarjana,15
gibraltar,15
selat,15
digulingkan,15
liberal,15
piala,15
titik,15
serbia,15
slovakia,15
wales,15
ditakrifkan,15
world,15
sebaliknya,15
pengeluaran,15
kaya,15
zon,15
city,15
terbunuh,15
sumbangan,15
pimpinan,15
columbia,15
demikian,15
pendapatan,15
landasan,15
digelar,15
mazhab,15
rim,15
minyak,15
senat,15
sektor,15
batang,15
selangor,15
uskup,15
kemboja,15
selalunya,14
gantikanlah,14
churchill,14
sehinggalah,14
mengandungi,14
data,14
saintis,14
memanggil,14
tiba,14
dihantar,14
melarikan,14
university,14
subjek,14
menerbitkan,14
diperlukan,14
ditulis,14
si,14
membunuh,14
terkini,14
buruh,14
tumbuhan,14
falsafah,14
seri,14
komun,14
georges,14
digital,14
dibuka,14
berusia,14
qing,14
ansur,14
sparta,14
greece,14
tahap,14
melahirkan,14
direka,14
layar,14
pendaratan,14
salib,14
puluh,14
jangka,14
kemudahan,14
kejadian,14
barisan,14
kod,14
kelajuan,14
adolf,14
hebat,14
mudah,14
sejumlah,14
campur,14
memaksa,14
memastikan,14
bilion,14
tersendiri,14
armenia,14
denmark,14
finland,14
terma,14
union,14
berperang,14
masihi,14
dominan,14
contohnya,14
menamatkan,14
yuan,14
memakai,14
usia,14
hutan,14
abc,14
petempatan,14
panglima,14
umat,14
semenjak,14
krisis,14
tokong,14
mqm,14
kustantiniyah,14
kuching,14
alberta,14
pengiran,14
shogun,14
keshogunan,14
dimiliki,13
topik,13
penyanyi,13
rock,13
tamat,13
kulit,13
pangkalan,13
kes,13
sambil,13
tema,13
kurangnya,13
sesuai,13
to,13
dijual,13
pengenalan,13
datuk,13
manis,13
no,13
penulisan,13
dicipta,13
rumi,13
per,13
pekan,13
divisyen,13
mengeluarkan,13
pengasas,13
pakistan,13
menyumbang,13
mesin,13
fisiologi,13
harus,13
memperkenalkan,13
baju,13
cahaya,13
meneruskan,13
penyerahan,13
kesultanan,13
penghujung,13
perwakilan,13
richard,13
bilik,13
perfileman,13
padang,13
penyakit,13
perlumbaan,13
mexico,13
berlainan,13
kaki,13
pergunungan,13
lainnya,13
terpenting,13
android,13
projek,13
lemah,13
moscow,13
belum,13
serupa,13
perbezaan,13
cyprus,13
moldova,13
terusan,13
ais,13
jualan,13
marathi,13
reka,13
mencadangkan,13
dokumen,13
samguk,13
jin,13
han,13
kita,13
pelarian,13
melantik,13
berjumlah,13
aspek,13
memusnahkan,13
tenteranya,13
contoh,13
meninggalkan,13
menakluki,13
menghantar,13
puteri,13
sedang,13
pembebasan,13
kalah,13
kebanyakannya,13
ribu,13
rakyatnya,13
meter,13
chin,13
pasir,13
iklim,13
yakni,13
bt,13
pemangku,13
tuntutan,13
sergius,13
louis,13
tuhan,13
perkahwinan,13
kemelesetan,13
iraq,13
merampas,13
berita,13
menerangkan,13
syria,13
jaya,13
mengikuti,13
aim,13
transylvania,13
kemuncak,13
kepelbagaian,13
philips,13
lumpur,13
seramai,13
perbatasan,13
skala,13
dapur,13
orleans,13
jefferson,13
spaniel,13
palaiologos,13
watch,13
ice,13
pitta,13
maswings,13
aktif,12
muzium,12
pengarang,12
cerita,12
teknikal,12
menggambarkan,12
sesuatu,12
model,12
penerbit,12
diarahkan,12
jam,12
eksekutif,12
suara,12
menghalang,12
komponen,12
dimulakan,12
faktor,12
cabang,12
oxford,12
diiktiraf,12
penguasaan,12
sana,12
karyanya,12
mengubah,12
biologi,12
ketara,12
diserahkan,12
musuh,12
menjalankan,12
arahan,12
demokratik,12
warga,12
beransur,12
elit,12
dibunuh,12
dikuasai,12
pop,12
menegaskan,12
mempertahankan,12
th,12
mengetuai,12
pelaburan,12
hotel,12
bekalan,12
philip,12
dibubarkan,12
lemak,12
company,12
corporation,12
tepat,12
azerbaijan,12
isyarat,12
sosialis,12
kepimpinan,12
kerjasama,12
skim,12
wabak,12
kebakaran,12
westminster,12
metropolitan,12
polis,12
tindak,12
perak,12
tersebar,12
berbagai,12
land,12
estonia,12
lambang,12
terbentuk,12
merosot,12
lewat,12
menyokong,12
berundur,12
pertukaran,12
sisa,12
maju,12
duanya,12
kegemilangan,12
penganut,12
kayu,12
buat,12
melaksanakan,12
teruk,12
hati,12
bersenjata,12
tokyo,12
menyerah,12
kepercayaan,12
genghis,12
rapat,12
ampas,12
pinggir,12
demi,12
menawan,12
polisi,12
cakera,12
penyiaran,12
stesen,12
optik,12
kehadiran,12
pintu,12
keperluan,12
nato,12
produk,12
miri,12
bulu,12
newfoundland,12
hab,12
cubaan,12
caribbean,12
sudan,12
digambarkan,12
commodus,12
muhyiddin,12
perisai,12
milimeter,12
houston,12
konstantinopolis,12
all,11
jenayah,11
usul,11
pita,11
singkat,11
mekanik,11
ingin,11
ulang,11
betul,11
arthur,11
bapa,11
lamanya,11
peradaban,11
setahun,11
profesional,11
ditadbir,11
menempatkan,11
layon,11
mauges,11
ze,11
laurent,11
francisco,11
peranti,11
menukar,11
rejim,11
prinsip,11
memindahkan,11
penasihat,11
dipimpin,11
sentiasa,11
umumnya,11
dilahirkan,11
rempah,11
ancaman,11
pembentukan,11
menyerap,11
kediaman,11
monarki,11
berpecah,11
rasminya,11
nascar,11
dikembangkan,11
memandangkan,11
utamanya,11
ideologi,11
kanan,11
prusia,11
komersil,11
melindungi,11
hakkul,11
mubin,11
samping,11
ataupun,11
kebebasan,11
bermain,11
konglomerat,11
bersejarah,11
membeli,11
biru,11
albania,11
lithuania,11
wilayahnya,11
menghadapi,11
kewujudan,11
fungsi,11
laporan,11
alexander,11
gangsa,11
dipengaruhi,11
tanaman,11
peningkatan,11
berpindah,11
mangkat,11
logam,11
iran,11
mengarahkan,11
mentadbir,11
serantau,11
pencapaian,11
aliran,11
mubaligh,11
komunikasi,11
menandatangani,11
pedagang,11
pembunuhan,11
aksi,11
dewa,11
pandangan,11
hill,11
plymouth,11
dengar,11
sepuluh,11
cuaca,11
kitab,11
xinjiang,11
perindustrian,11
sukar,11
dilengkapi,11
peserta,11
jajahannya,11
lokasi,11
setempat,11
kubah,11
uthmaniyyah,11
aqm,11
dacia,11
anggaran,11
bancian,11
tua,11
sarawak,11
penghargaan,11
benito,11
temenggong,11
hakhamaniyah,11
kapur,11
putnam,11
aristotle,11
babak,11
dahulunya,10
pemuzik,10
hangul,10
english,10
kabinet,10
kelima,10
keganasan,10
saya,10
sekurang,10
perasaan,10
dialog,10
semesta,10
segala,10
idea,10
rasa,10
kedai,10
nurhaliza,10
siaran,10
kampung,10
antaranya,10
profesor,10
simpanan,10
wakil,10
bersempadan,10
dipindahkan,10
berdaulat,10
jarang,10
malah,10
sebutan,10
br,10
anjou,10
andr,10
kerjanya,10
penyebaran,10
penciptaan,10
peratus,10
perlindungan,10
pakai,10
menentukan,10
bertulis,10
mewakili,10
penguin,10
maritim,10
pergi,10
menyelesaikan,10
kemungkinan,10
selanjutnya,10
aksara,10
elizabeth,10
hos,10
menuntut,10
kegunaan,10
perolehan,10
royal,10
grand,10
isle,10
thomas,10
tahanan,10
terselamat,10
kinabalu,10
gum,10
it,10
penerima,10
meletakkan,10
litar,10
nasional,10
dihasilkan,10
memerlukan,10
subkeluarga,10
hukum,10
berfungsi,10
meriam,10
shah,10
jelas,10
mengamalkan,10
diisytiharkan,10
menang,10
stadium,10
bunga,10
anaknya,10
mitsui,10
georgia,10
latvia,10
czech,10
man,10
naungan,10
single,10
mengatakan,10
berhijrah,10
tulisan,10
tunggal,10
berturut,10
terjadi,10
mahan,10
seoul,10
menjadikannya,10
diplomatik,10
muara,10
keamanan,10
terlalu,10
kublai,10
saling,10
stabil,10
dibenarkan,10
harga,10
ditandatangani,10
dimusnahkan,10
khabar,10
dibawa,10
nasionalis,10
liverpool,10
ciptaan,10
angin,10
by,10
elektrik,10
nuklear,10
berdekatan,10
merentasi,10
oscar,10
disampaikan,10
kegiatan,10
thailand,10
persaingan,10
kuasanya,10
mengadakan,10
nabi,10
rumit,10
pun,10
pekerjaan,10
panama,10
keselamatan,10
punca,10
bbc,10
hutang,10
ajaran,10
kerusi,10
pemilihan,10
douglas,10
bqm,10
memeluk,10
wallachia,10
agensi,10
beribu,10
penutur,10
suez,10
francis,10
barbarossa,10
supaya,10
lawrence,10
taraf,10
gula,10
bongsu,10
gun,10
minamoto,10
sega,10
artik,10
daging,10
falak,10
ontario,10
inc,9
episod,9
berharga,9
didapati,9
arkib,9
biografi,9
house,9
kelihatan,9
mahu,9
hawking,9
pengetahuan,9
blok,9
memaparkan,9
tan,9
menampilkan,9
disokong,9
legenda,9
menengah,9
sifat,9
penampilan,9
menjalani,9
terhad,9
penyertaan,9
penghijrahan,9
pinjaman,9
states,9
kakitangan,9
hindi,9
national,9
natural,9
mi,9
dikenal,9
chapelle,9
tr,9
pr,9
just,9
berpangkalan,9
california,9
indeks,9
ditangkap,9
diubah,9
diumumkan,9
menamakan,9
memutuskan,9
dianjurkan,9
setiausaha,9
kolonial,9
belakang,9
mengelakkan,9
penjelajahan,9
harapan,9
komersial,9
jiran,9
maghribi,9
perbankan,9
terkemuka,9
cermin,9
sabah,9
dingin,9
minuman,9
berbentuk,9
france,9
buruk,9
peringatan,9
datu,9
pertiga,9
wayang,9
pendapat,9
old,9
khidmat,9
kerabat,9
terdahulu,9
manchester,9
dataran,9
reformasi,9
hadapan,9
tembaga,9
meluluskan,9
disenaraikan,9
berwarna,9
bertentangan,9
kazakhstan,9
malta,9
slovenia,9
meningkatkan,9
setengah,9
mendominasi,9
perintah,9
kontroversi,9
kala,9
jalur,9
memenuhi,9
mencetuskan,9
ladang,9
menyebut,9
khalifah,9
dikenakan,9
swasta,9
mengakui,9
mengepung,9
meminta,9
mendorong,9
syarat,9
musnah,9
keluar,9
aman,9
il,9
mendadak,9
ketinggian,9
lintang,9
petang,9
seluar,9
ditolak,9
mengumumkan,9
sampai,9
nicolaus,9
bahkan,9
chagatai,9
agar,9
sebesar,9
peluasan,9
iklan,9
campuran,9
with,9
menggalakkan,9
ibrahim,9
fatih,9
tugas,9
pengikut,9
moldavia,9
rumania,9
puncak,9
damai,9
sadong,9
sari,9
christopher,9
cape,9
napol,9
joseph,9
vii,9
bisu,9
bendahara,9
bertukar,9
mandat,9
winstedt,9
khmer,9
tercetus,9
louisiana,9
pasti,9
barangan,9
constantine,9
berbunyi,9
go,9
aksai,9
apollo,9
system,9
goreng,9
rus,9
persaraan,9
kargo,9
melanesia,9
transgender,9
perkuburan,9
haytham,9
episkopal,9
anglikanisme,9
maskargo,9
minggu,8
dijalankan,8
tayangan,8
menyiarkan,8
lee,8
malayan,8
kontemporari,8
society,8
petikan,8
turun,8
sejarahnya,8
seseorang,8
mendalam,8
pengalaman,8
from,8
lubang,8
times,8
press,8
kisah,8
menjual,8
penghibur,8
mendedahkan,8
dinyatakan,8
gu,8
paten,8
empire,8
karnataka,8
pradesh,8
am,8
sous,8
rouge,8
pierre,8
jaringan,8
kandungan,8
disimpan,8
eksperimen,8
adat,8
menikmati,8
diakui,8
dimana,8
besarnya,8
ekspedisi,8
kemangkatan,8
kedatangan,8
mutlak,8
menawarkan,8
sejurus,8
ditukar,8
telefon,8
kenderaan,8
fr,8
terbitan,8
frank,8
paderi,8
mengiktiraf,8
ras,8
semangat,8
guru,8
kem,8
silam,8
venice,8
melawan,8
amsterdam,8
jawa,8
dianggarkan,8
sedunia,8
valley,8
sepadan,8
dibincangkan,8
tanggal,8
matlamat,8
kemusnahan,8
pameran,8
perbadanan,8
dagang,8
armada,8
milik,8
peter,8
diserang,8
mara,8
argentina,8
kuning,8
perairan,8
belarus,8
jersey,8
duit,8
persendirian,8
kemuncaknya,8
meluaskan,8
berketurunan,8
geon,8
tumbang,8
manchu,8
siberia,8
lembangan,8
pengebumian,8
identiti,8
peralihan,8
menganggap,8
ketat,8
mengakhiri,8
pertikaian,8
percubaan,8
ratus,8
pemerhatian,8
hierarki,8
membayar,8
south,8
perlahan,8
dekat,8
menghapuskan,8
caicos,8
white,8
pictures,8
walter,8
felix,8
war,8
sudut,8
cedera,8
sekutunya,8
pengeluar,8
bertambah,8
roman,8
ziers,8
benar,8
berat,8
piano,8
that,8
mendarat,8
bahru,8
pinyin,8
bila,8
bawang,8
persetujuan,8
umayyah,8
sederhana,8
mim,8
sebenarnya,8
warsaw,8
istimewa,8
afghanistan,8
peralatan,8
kekurangan,8
lepas,8
rajang,8
terkorban,8
korban,8
tampak,8
babi,8
sebaik,8
fasis,8
mayat,8
modal,8
sekta,8
master,8
strategik,8
organ,8
barang,8
lord,8
indochina,8
membahagikan,8
nasihat,8
ioannes,8
templar,8
aurelius,8
nova,8
taish,8
kamakura,8
com,8
highland,8
towers,8
habsyah,8
seattle,8
hamilton,8
stewart,8
tolok,8
pawagam,8
firefly,8
networks,7
astro,7
menyampaikan,7
menerusi,7
winston,7
menghabiskan,7
terperinci,7
ganas,7
menangani,7
serius,7
studio,7
minat,7
watak,7
membincangkan,7
kuantum,7
persamaan,7
hollywood,7
ditayangkan,7
festival,7
toronto,7
max,7
membuktikan,7
haji,7
love,7
diperolehi,7
mengelilingi,7
king,7
fokus,7
tar,7
neo,7
hukuman,7
beverly,7
meiji,7
tak,7
namanya,7
seluas,7
beaufort,7
cl,7
dikekalkan,7
pengguna,7
pingat,7
perintis,7
perisytiharan,7
harta,7
sivil,7
melebihi,7
diperbuat,7
pos,7
iberia,7
castile,7
peluang,7
kemerosotan,7
pedalaman,7
menetapkan,7
ing,7
loceng,7
francia,7
pewaris,7
pengaruhnya,7
tercatat,7
charente,7
mer,7
gironde,7
port,7
hilaire,7
julien,7
bersaing,7
ditahan,7
ranau,7
kebuluran,7
beluran,7
labuk,7
darah,7
ubah,7
limited,7
merakam,7
kepala,7
hujung,7
tukar,7
kurakura,7
labilabi,7
kongsi,7
pra,7
perhimpunan,7
pangkat,7
hindu,7
perbandaran,7
guardian,7
kyoto,7
import,7
sekumpulan,7
bursa,7
paparan,7
hijau,7
guernsey,7
jan,7
disatukan,7
suruhanjaya,7
berjuang,7
east,7
bertemu,7
proto,7
dae,7
memperlihatkan,7
mengembangkan,7
ketegangan,7
artifak,7
pembuatan,7
seawal,7
mumun,7
runtuh,7
berakhirnya,7
dirakam,7
komanderi,7
okjeo,7
diserap,7
gwanggaeto,7
mengusir,7
menyebarkan,7
sagi,7
menggulingkan,7
pro,7
pemilikan,7
tukang,7
menghormati,7
kesetiaan,7
melawat,7
hakim,7
sikap,7
sebagaimana,7
penyokong,7
pasca,7
depan,7
island,7
down,7
church,7
sheffield,7
truro,7
west,7
lesen,7
perkilangan,7
penyiar,7
permukaan,7
bermakna,7
makna,7
or,7
menimbulkan,7
keagamaan,7
takwim,7
hoki,7
song,7
diangkat,7
peluru,7
menjajah,7
dijajah,7
hawaii,7
pengeboman,7
hiroshima,7
biskop,7
iman,7
toyota,7
kekhanan,7
erat,7
gard,7
miosen,7
deklarasi,7
asasi,7
perhambaan,7
kemunculan,7
dipancarkan,7
visual,7
piawaian,7
berbangsa,7
wujudnya,7
pengiklanan,7
dibiayai,7
kawanan,7
mengatasi,7
pergelutan,7
dikaitkan,7
mas,7
langit,7
binaan,7
gading,7
dituntut,7
balkan,7
bererti,7
ka,7
jemaah,7
beramai,7
bucharest,7
bessarabia,7
perdamaian,7
berbilang,7
menetap,7
kdnk,7
rel,7
bencana,7
gaji,7
cenderung,7
lengkap,7
emilia,7
romagna,7
romulus,7
kor,7
nyawa,7
belayar,7
salinan,7
payung,7
sebenar,7
bima,7
batak,7
sa,7
roma,7
doktrin,7
paskah,7
maskara,7
wan,7
smith,7
yesus,7
shi,7
solo,7
forces,7
frederick,7
penggabungan,7
penyerbuan,7
geologi,7
mesozoik,7
kelulusan,7
setia,7
thatcher,7
pedang,7
tuduhan,7
parish,7
mass,7
berlanjutan,7
marcus,7
constantinus,7
sei,7
yoritomo,7
tokugawa,7
masyhur,7
penyelamat,7
scotia,7
syam,7
umar,7
hidangan,7
staf,7
polinesia,7
bot,7
forest,7
vancouver,7
adakalanya,7
schumacher,7
apostolik,7
harian,6
berbayar,6
akademik,6
melanda,6
lingkungan,6
gangguan,6
mendapati,6
pengurusan,6
kebimbangan,6
pembaca,6
bercakap,6
dilindungi,6
red,6
ditonton,6
ibunya,6
semuanya,6
sulung,6
menyiasat,6
corak,6
berabad,6
serapan,6
berlakunya,6
penjara,6
un,6
jurnal,6
memahami,6
selia,6
naib,6
canselor,6
league,6
viii,6
burma,6
belajar,6
diwujudkan,6
penyusunan,6
kelapan,6
meraih,6
terbanyak,6
berjudul,6
pin,6
germain,6
memasukkan,6
pencipta,6
animasi,6
molekul,6
genetik,6
herbert,6
montreal,6
istiadat,6
undangan,6
lakedaimon,6
banjaran,6
kotanya,6
entertainment,6
tarian,6
macau,6
rahsia,6
kilang,6
kekayaan,6
dirinya,6
mengalihkan,6
sedangkan,6
komander,6
penggal,6
dimasukkan,6
euro,6
laser,6
diabaikan,6
gelombang,6
mempelajari,6
dublin,6
ejaan,6
akar,6
pendahulu,6
seratus,6
feudal,6
beragama,6
mekanisme,6
aunis,6
ol,6
me,6
maurice,6
seragam,6
maut,6
dipaksa,6
makin,6
kapten,6
manila,6
sapi,6
kinabatangan,6
tungku,6
persisiran,6
other,6
lawan,6
at,6
kirin,6
kabushiki,6
fuji,6
mans,6
keadilan,6
institut,6
tajuk,6
kalendar,6
menyimpan,6
pamah,6
terletaknya,6
area,6
pekerja,6
pemuliharaan,6
abjad,6
katedral,6
amfibia,6
menaiki,6
menonjol,6
perjuangan,6
liputan,6
sedemikian,6
uruguay,6
facto,6
dicapai,6
piksel,6
disusun,6
bagai,6
strategi,6
kerugian,6
pertembungan,6
belah,6
terbahagi,6
bosnia,6
iceland,6
macedonia,6
montenegro,6
kelayakan,6
edinburgh,6
pembukaan,6
penutup,6
dibuktikan,6
lukisan,6
sembilan,6
yusa,6
terbentang,6
mempercayai,6
pengasasan,6
buangan,6
dihentikan,6
dong,6
ri,6
pyongyang,6
memberontak,6
dongye,6
jinhan,6
byeonhan,6
keemasan,6
memimpin,6
biara,6
makmur,6
gyeongju,6
pemberontak,6
kestabilan,6
bersifat,6
mempromosikan,6
permusuhan,6
menangkis,6
moral,6
dilarang,6
berdepan,6
menyedari,6
mempersembahkan,6
cendekiawan,6
aktivis,6
melanggar,6
gerila,6
seksual,6
bacaan,6
kaherah,6
penyelesaian,6
athan,6
pengkalan,6
boscombe,6
cardiff,6
durham,6
glasgow,6
nottingham,6
connel,6
westray,6
mary,6
ltd,6
keseluruhannya,6
hidupnya,6
lanka,6
taiwan,6
inci,6
daratan,6
khagan,6
malaya,6
est,6
mengenakan,6
gregorius,6
delhi,6
tunisia,6
rum,6
ai,6
inilah,6
berkecuali,6
fahaman,6
penyair,6
remus,6
tentangan,6
dijangka,6
bermulanya,6
teater,6
ganti,6
kalinya,6
theodore,6
domain,6
sesebuah,6
seharian,6
formula,6
terkaya,6
adik,6
jawab,6
terjemahan,6
indian,6
memancarkan,6
sedia,6
tiub,6
berguna,6
baird,6
pembesar,6
membezakan,6
thriller,6
tergolong,6
sehari,6
sila,6
dumfriesshire,6
julius,6
penglibatan,6
orb,6
nes,6
perbelanjaan,6
jumaat,6
nabawi,6
xi,6
byzantium,6
penghijrah,6
bani,6
mengisi,6
rahman,6
ugm,6
berdagang,6
peninggalan,6
mihai,6
perluasan,6
perusahaan,6
jude,6
delta,6
tumbuh,6
ibunda,6
mencatat,6
sastera,6
disukai,6
puisi,6
talbot,6
memakan,6
tangga,6
duluan,6
desa,6
sekatan,6
dipisahkan,6
menambah,6
lingga,6
balai,6
berdarah,6
selebihnya,6
kelebihan,6
columbus,6
diteruskan,6
penjagaan,6
padat,6
keenam,6
pemakanan,6
terjun,6
beroperasi,6
kayan,6
awyu,6
dihukum,6
perdebatan,6
perhubungan,6
milan,6
makam,6
murad,6
gemini,6
sahabat,6
mukhtar,6
canterbury,6
baitulmaqdis,6
us,6
bir,6
lazim,6
celtic,6
terpanjang,6
bersara,6
albert,6
dieja,6
pelayaran,6
pengisytiharan,6
mengancam,6
greek,6
margaret,6
cyrus,6
libya,6
peta,6
wikimedia,6
commons,6
kelamaan,6
duke,6
tsang,6
arunachal,6
ptolemy,6
norfolk,6
komnenos,6
andronikos,6
misalnya,6
variasi,6
congo,6
berhujah,6
kaca,6
tropika,6
daigo,6
ashikaga,6
genting,6
dimainkan,6
nyse,6
majalah,6
roh,6
tweed,6
von,6
sukarelawan,6
serie,6
gaza,6
samawi,6
saidina,6
digoreng,6
smithsonian,6
pembawa,6
syiling,6
aviation,6
luaran,6
australasia,6
queer,6
tasmania,6
riba,6
canadian,6
pengamanan,6
feat,6
marconi,6
silent,6
bersuara,6
suasana,6
orkestra,6
bersahaja,6
soyuz,6
malaysian,6
www,6
satelit,5
holdings,5
singapore,5
minit,5
pemilik,5
pukul,5
dibintangi,5
nombor,5
dikendalikan,5
berumur,5
keruntuhan,5
isteri,5
temu,5
bual,5
ulasan,5
berskala,5
menambahkan,5
black,5
nasib,5
fenomena,5
terlaris,5
penyunting,5
kesukaran,5
cipta,5
human,5
kerjaya,5
format,5
peribadinya,5
ayahnya,5
latar,5
penyiasatan,5
ilmuwan,5
perspektif,5
prasejarah,5
menumpukan,5
penceritaan,5
interaksi,5
american,5
norton,5
berdiri,5
nasionalisme,5
leeds,5
urusan,5
singkatan,5
timor,5
kiri,5
maharani,5
dipecahkan,5
territories,5
dewi,5
cetakan,5
kepadatan,5
kapas,5
merata,5
ru,5
fontaine,5
gen,5
gr,5
dame,5
ment,5
croix,5
machine,5
sejagat,5
tujuannya,5
fizikal,5
membantah,5
mulia,5
saja,5
kantonis,5
athens,5
so,5
peranannya,5
latihan,5
light,5
peminat,5
star,5
pertamanya,5
terpisah,5
moor,5
kemerdekaannya,5
diancam,5
kewujudannya,5
dicabar,5
terminal,5
alternatif,5
topics,5
pemilih,5
undi,5
calon,5
menjawat,5
franklin,5
pindaan,5
lincoln,5
international,5
pelanggan,5
townes,5
atom,5
ketujuh,5
evolusi,5
keatas,5
mandi,5
restoran,5
murah,5
adanya,5
hospital,5
ekoran,5
pewarisan,5
kehakiman,5
huguenot,5
normandy,5
champagne,5
te,5
boutonne,5
plage,5
ron,5
pons,5
cr,5
fort,5
ly,5
martial,5
nazaire,5
villeneuve,5
murid,5
set,5
baki,5
kudat,5
banggi,5
bengkoka,5
pitas,5
kapor,5
marudu,5
matunggong,5
bandau,5
tandek,5
belud,5
pintasan,5
tempasuk,5
usukan,5
kadamaian,5
tuaran,5
sulaman,5
dalit,5
tamparuli,5
kiulu,5
sepanggar,5
karambunai,5
darau,5
inanam,5
likas,5
luyang,5
putatan,5
aru,5
petagas,5
keramat,5
penampang,5
kapayan,5
moyog,5
papar,5
limbahau,5
kawang,5
kimanis,5
bongawan,5
membakut,5
klias,5
sipitang,5
lumadan,5
sindumin,5
kundasang,5
karanaan,5
paginatan,5
keningau,5
tambunan,5
bingkor,5
liawan,5
tenom,5
melalap,5
kemabong,5
pensiangan,5
tulid,5
sook,5
nabawan,5
sugut,5
libaran,5
sibuga,5
sekong,5
karamunting,5
elopura,5
papat,5
kuamut,5
lamag,5
sukau,5
lahad,5
segama,5
kunak,5
semporna,5
sulabayan,5
senallang,5
bugaya,5
tawau,5
balung,5
apas,5
kalabakan,5
kukusan,5
merotai,5
sebatik,5
membahagi,5
reaksi,5
gujarat,5
ipa,5
gaisha,5
marina,5
blues,5
jazz,5
analisis,5
demografi,5
pengkaji,5
mengurangkan,5
dipegang,5
bertanding,5
maluku,5
panggilan,5
lankaran,5
baku,5
nakhchivan,5
berputar,5
pudar,5
doktor,5
cities,5
bukanlah,5
rome,5
dr,5
dibeli,5
jambatan,5
street,5
pergata,5
tiang,5
selam,5
konvoi,5
boeing,5
helikopter,5
disahkan,5
little,5
berkuda,5
mencerminkan,5
ehwal,5
dimenangi,5
terikat,5
penentuan,5
teratas,5
hepburn,5
edo,5
diperbaharui,5
volume,5
isi,5
frs,5
leyte,5
samar,5
info,5
andorra,5
herzegovina,5
liechtenstein,5
monaco,5
marino,5
kosovo,5
gaelik,5
elemen,5
perpecahan,5
penganiayaan,5
inovasi,5
rekaan,5
maksud,5
diantara,5
pecah,5
kemasukan,5
wiman,5
kemahiran,5
khitan,5
disambut,5
yi,5
laksamana,5
latitud,5
fosil,5
chiefdom,5
kejatuhannya,5
ringkas,5
note,5
berpaling,5
dibantu,5
phoenicia,5
lanun,5
shin,5
mewarisi,5
menyusun,5
sami,5
penghasilan,5
persoalan,5
konfusian,5
beratus,5
melepaskan,5
menekankan,5
yangban,5
dibebaskan,5
kelemahan,5
menaikkan,5
marin,5
naik,5
gojong,5
berlawanan,5
mengharamkan,5
diselesaikan,5
digabungkan,5
sentimen,5
haram,5
memerangi,5
berkumpul,5
historiografi,5
memupuk,5
selari,5
mengatur,5
permintaan,5
bapanya,5
penurunan,5
birmingham,5
bristol,5
derby,5
norwich,5
swansea,5
iringan,5
nz,5
mendiami,5
matahari,5
resonans,5
magnetik,5
mm,5
komoditi,5
dalai,5
lower,5
pecahan,5
mukim,5
parit,5
lubok,5
diatur,5
makmal,5
sepertimana,5
dibandingkan,5
pesisir,5
kehormat,5
gedei,5
mangsa,5
rosak,5
sakit,5
daripadanya,5
kedudukannya,5
memihak,5
constantinople,5
nicholas,5
kebajikan,5
mengukuhkan,5
lazimnya,5
menyamai,5
pengedar,5
sony,5
tienne,5
geni,5
victor,5
ortodoks,5
sunrise,5
borophaginae,5
jtl,5
co,5
pemancaran,5
amatur,5
pengendali,5
sidang,5
sungguhpun,5
diperoleh,5
muka,5
audio,5
berhasil,5
pembuat,5
hasilnya,5
pembiayaan,5
langganan,5
membiayai,5
ya,5
selebriti,5
niaga,5
ibrani,5
lubnan,5
rubah,5
berang,5
urbanus,5
bolshevik,5
ditakluk,5
kenyataan,5
bulat,5
pengubahsuaian,5
iskandar,5
rupa,5
kuda,5
ibadah,5
sub,5
mcdonnell,5
rgm,5
dicatat,5
ro,5
ni,5
danube,5
karpatos,5
historia,5
goth,5
ditinggalkan,5
dibuang,5
berhenti,5
bukovina,5
ion,5
alasan,5
czechoslovakia,5
akibatnya,5
destinasi,5
kelengkapan,5
terancam,5
pagi,5
pulih,5
betawi,5
samuel,5
baltik,5
dihuni,5
utuh,5
plinius,5
perebutan,5
italia,5
perayaan,5
sentosa,5
kawah,5
tuang,5
danau,5
ba,5
sambutan,5
persahabatan,5
entiti,5
diktator,5
sezaman,5
canid,5
kriti,5
sasaran,5
dusun,5
ma,5
ditempatkan,5
dipenjarakan,5
politiknya,5
kardinal,5
mendesak,5
giolitti,5
fanfani,5
cecair,5
ayahandanya,5
carl,5
terhebat,5
keuntungan,5
tawar,5
nominal,5
kepausannya,5
lembu,5
teleskop,5
rasul,5
pemikiran,5
daniel,5
semulajadi,5
turus,5
serentak,5
berperanan,5
books,5
plc,5
kepupusan,5
memulihkan,5
lembaga,5
laskaris,5
ibukota,5
bermazhab,5
bertapak,5
gilbert,5
pengukuhan,5
malaria,5
kekuasaannya,5
boer,5
rhodesia,5
kos,5
lloyd,5
bermandat,5
membatalkan,5
menghampiri,5
disertai,5
medes,5
penyediaan,5
menjalin,5
xvi,5
augustus,5
kashmir,5
kesatria,5
sekaligus,5
river,5
pengerusi,5
kesuburan,5
kecenderungan,5
mengukur,5
samurai,5
ceo,5
paccar,5
globalisasi,5
mark,5
sg,5
didalam,5
ivan,5
ss,5
sasan,5
rasyidin,5
germanik,5
hot,5
astana,5
berkshire,5
library,5
pelukis,5
mumford,5
see,5
camar,5
diedarkan,5
babylon,5
teologi,5
texas,5
mikronesia,5
gas,5
lot,5
nitrat,5
gender,5
penggalian,5
yukon,5
yuna,5
tali,5
sina,5
metafizik,5
prost,5
fangio,5
kiu,5
griffith,5
konstitusi,5
airasia,5
berhad,5
fy,5
aetn,4
television,4
macdonald,4
mactutor,4
perisian,4
setakat,4
marikh,4
time,4
big,4
graviti,4
diterjemahkan,4
simon,4
productions,4
kerjayanya,4
temubual,4
hassan,4
disiplin,4
lampau,4
pembelajaran,4
berkesudahan,4
abang,4
dipulihkan,4
angelo,4
meneroka,4
diego,4
dicalonkan,4
african,4
julat,4
artikel,4
jantina,4
indiana,4
dibezakan,4
sumbangannya,4
elektron,4
pepejal,4
mengendalikan,4
wikisource,4
oceania,4
dikurniakan,4
memelihara,4
sq,4
kannada,4
paleolitik,4
dialami,4
vall,4
au,4
bourg,4
brain,4
ferri,4
fl,4
loir,4
montreuil,4
notre,4
allen,4
ger,4
sauveur,4
wayback,4
ditutup,4
buatan,4
nasa,4
sinar,4
nb,4
ditambahkan,4
opium,4
bagaimana,4
tertumpu,4
input,4
bangkit,4
diamalkan,4
dinamai,4
memudahkan,4
penglihatan,4
penanda,4
menguruskan,4
selesai,4
sohye,4
mengesahkan,4
full,4
mewah,4
terbukti,4
mahal,4
diperdebatkan,4
justinian,4
undian,4
dikira,4
meletak,4
republikan,4
aset,4
logo,4
alpha,4
maser,4
sistematik,4
paduka,4
pertuan,4
labuan,4
penginapan,4
tidur,4
kapsul,4
capet,4
dihapuskan,4
kebiasaan,4
mengantikan,4
diwarisi,4
bloch,4
matha,4
bains,4
ac,4
marie,4
ne,4
lix,4
hippolyte,4
palais,4
clermont,4
memperingati,4
tugu,4
venezia,4
rep,4
blica,4
sima,4
bersempena,4
massachusetts,4
ry,4
berindustri,4
keiretsu,4
shanghai,4
bahrain,4
aires,4
istanbul,4
beach,4
situasi,4
perpaduan,4
lang,4
italik,4
monopoli,4
kamar,4
gregory,4
barda,4
rayon,4
shaki,4
shusha,4
yevlakh,4
lebar,4
kamera,4
burbank,4
music,4
trionychidae,4
sosialisme,4
reich,4
melainkan,4
penentangan,4
keahlian,4
pelancaran,4
google,4
manisan,4
eksklusif,4
skema,4
menjangkau,4
tahan,4
rondaan,4
menyerupai,4
terbit,4
dijejak,4
scott,4
menjaga,4
peniaga,4
pengawal,4
dipertandingkan,4
kesempatan,4
tewas,4
pu,4
penapisan,4
disempurnakan,4
pemulihan,4
korporat,4
diuruskan,4
brian,4
menceroboh,4
saki,4
vatikan,4
abkhazia,4
akrotiri,4
dhekelia,4
azores,4
faroe,4
krimea,4
madeira,4
club,4
kewarganegaraan,4
northern,4
bersempadanan,4
berkesan,4
konvensional,4
kolej,4
paun,4
records,4
realiti,4
mr,4
bendara,4
andrew,4
kukuh,4
mitos,4
gija,4
banci,4
joyeong,4
liao,4
menundukkan,4
sejong,4
sisi,4
peramanahan,4
selewat,4
kering,4
pemahaman,4
beras,4
ufti,4
diilhakkan,4
jumong,4
taejo,4
jangsu,4
sui,4
tradisinya,4
yeon,4
tadah,4
steppe,4
sekelilingnya,4
liaodong,4
meletus,4
boneka,4
tersohor,4
berkahwin,4
penghapusan,4
kegelapan,4
choe,4
konfusianisme,4
pergolakan,4
ming,4
menaja,4
kualiti,4
kebenaran,4
petani,4
terendah,4
penjenayah,4
penyumbang,4
pertuanan,4
uss,4
mesra,4
pulang,4
general,4
dibakar,4
insiden,4
sino,4
kekuatan,4
konvensyen,4
jure,4
membangun,4
infrastruktur,4
menggantikannya,4
ibadat,4
shinto,4
tentara,4
ungkapan,4
amalan,4
pertemuan,4
sejajar,4
rhee,4
autokratik,4
sung,4
jong,4
pembubaran,4
aras,4
alderney,4
heath,4
carlisle,4
compton,4
coventry,4
exeter,4
haverfordwest,4
bradford,4
leicester,4
mona,4
newcastle,4
newton,4
rochester,4
southampton,4
morley,4
wolverhampton,4
industries,4
aeroangkasa,4
nhnz,4
memperolehi,4
beijing,4
bekerjasama,4
bardeen,4
merebak,4
kansas,4
kk,4
gandum,4
administered,4
komputer,4
thurjii,4
rumput,4
tamadun,4
ulus,4
dai,4
gurney,4
serang,4
bukunya,4
pst,4
hills,4
slav,4
vladimir,4
khanates,4
ferdinand,4
kemakmuran,4
unesco,4
dikaji,4
membalas,4
berulang,4
young,4
dihormati,4
muktamad,4
fasa,4
melintasi,4
marsyal,4
pengumuman,4
segera,4
adams,4
pemerintahannya,4
konstantinopel,4
berpunca,4
cs,4
pertelingkahan,4
prix,4
aral,4
dilucutkan,4
film,4
cetera,4
ges,4
rargues,4
vincent,4
jols,4
zan,4
dipersembahkan,4
pencalonan,4
barstov,4
layak,4
kuwait,4
telekomunikasi,4
perkakas,4
bukannya,4
nusantara,4
membayangkan,4
bayang,4
imbasan,4
dipaparkan,4
ditunjukkan,4
lapang,4
pengedaran,4
sebagainya,4
kesemuanya,4
dibayar,4
penekanan,4
ragam,4
merebut,4
cabaran,4
lebihan,4
mengkaji,4
jagung,4
bersih,4
kolektif,4
lucius,4
leluhur,4
timbul,4
melatih,4
menunggu,4
rault,4
lez,4
dicadangkan,4
disembah,4
layang,4
merancang,4
miskin,4
seiring,4
sophia,4
santo,4
memungkinkan,4
sempurna,4
semalam,4
dipersetujui,4
perselisihan,4
berpandu,4
adm,4
pqm,4
bgm,4
didakwa,4
chicago,4
penemuannya,4
simetri,4
pe,4
mencuba,4
kedalam,4
dobrogea,4
berjanji,4
dilaksanakan,4
mencatatkan,4
ceau,4
escu,4
serbuan,4
negaranya,4
donau,4
fauna,4
rizab,4
pentingnya,4
reptilia,4
siang,4
curahan,4
dituturkan,4
kasar,4
pengangguran,4
mentah,4
produksi,4
dana,4
cekh,4
dicetak,4
rejimen,4
dikalangan,4
menuju,4
letusan,4
sempat,4
hanja,4
harvard,4
jejak,4
budak,4
berkata,4
bumbung,4
opar,4
santubong,4
demak,4
petra,4
tupong,4
samariang,4
satok,4
padungan,4
pending,4
stampin,4
kitang,4
samarahan,4
asajaya,4
stakan,4
serembu,4
mambong,4
tarat,4
serian,4
tebedu,4
kedup,4
semuja,4
simunjan,4
gedong,4
lupar,4
sebuyau,4
beting,4
maro,4
ringin,4
begunan,4
simanggang,4
antu,4
engkilili,4
betong,4
saribas,4
saban,4
saratok,4
kalaka,4
krian,4
kabong,4
semop,4
igan,4
daro,4
jemoreng,4
sarikei,4
repok,4
meradong,4
julau,4
pakan,4
meluan,4
kanowit,4
ngemah,4
machan,4
lanang,4
assek,4
dudong,4
sibu,4
assan,4
pelawan,4
nangka,4
mukah,4
dalat,4
tellian,4
balingian,4
selangau,4
tamin,4
kakus,4
kapit,4
pelagus,4
katibas,4
goram,4
baleh,4
belaga,4
murum,4
bintulu,4
jepak,4
kemena,4
samalaju,4
sibuti,4
bekenu,4
lambir,4
piasau,4
pujut,4
senadin,4
baram,4
marudi,4
telang,4
usan,4
mulu,4
limbang,4
lawas,4
kelalan,4
persediaan,4
granada,4
dikembalikan,4
cuti,4
angka,4
personal,4
penandatangan,4
ditandai,4
tomarctus,4
hantaran,4
kegagalan,4
penyerangan,4
sepatutnya,4
asean,4
sumbawa,4
papua,4
punan,4
bugis,4
ela,4
asmat,4
dani,4
kanum,4
makan,4
metro,4
bonaparte,4
novel,4
menyerlahkan,4
komposisi,4
dictionary,4
tun,4
daeng,4
memajukan,4
benjamin,4
teh,4
paru,4
daiwa,4
sh,4
firma,4
sejauh,4
wall,4
pengeksport,4
pilipinas,4
kristus,4
petrus,4
hanafiyyah,4
kaysanites,4
kaysanite,4
upon,4
boston,4
upper,4
esaki,4
services,4
bombing,4
bomber,4
portal,4
pengepungan,4
leningrad,4
perisa,4
maupun,4
alkohol,4
pengusaha,4
jacques,4
materiel,4
menekan,4
dibawah,4
rommel,4
ernest,4
enggan,4
cornwall,4
ilo,4
pemisahan,4
serata,4
normandie,4
paras,4
ros,4
dimulai,4
memisahkan,4
charter,4
bahasanya,4
phrynops,4
prairi,4
saskatchewan,4
dikelilingi,4
calgary,4
pendahulunya,4
sia,4
ravenna,4
aristokrat,4
thessalonica,4
indo,4
laos,4
viet,4
minh,4
cabot,4
lumayan,4
ketidakpuasan,4
manfaat,4
pax,4
disraeli,4
guinea,4
statut,4
mahukan,4
eisenhower,4
jasad,4
memasak,4
mengaku,4
bergelar,4
prc,4
kham,4
menyamakan,4
dipetik,4
spanielcode,4
hilir,4
pernyataan,4
digali,4
abjab,4
klad,4
antoninus,4
severus,4
romanos,4
alexios,4
pencen,4
nation,4
mobutu,4
melampau,4
gladstone,4
geometri,4
kelaparan,4
penggantian,4
melambangkan,4
pengikutnya,4
terima,4
gasar,4
dibahagi,4
post,4
rights,4
helsinki,4
dinding,4
stok,4
semetik,4
ledakan,4
akses,4
longgar,4
sulaiman,4
terbuat,4
diubahsuai,4
dnieper,4
mesopotamia,4
kuali,4
haba,4
tanduk,4
rhine,4
kejuruteraan,4
konsert,4
sini,4
weimar,4
pekat,4
windsor,4
kyiv,4
berperlembagaan,4
klang,4
kapitol,4
peruntukan,4
mengumpul,4
spofford,4
macleish,4
boorstin,4
any,4
seorabeol,4
do,4
halicarnassus,4
hecataeus,4
franz,4
papen,4
renang,4
ketibaan,4
buruj,4
italy,4
sugar,4
will,4
mencukupi,4
gay,4
pondan,4
gubahan,4
merkantilisme,4
pannonia,4
transdanubia,4
tisza,4
nos,4
ribuan,4
hobart,4
pergabungan,4
inuit,4
daun,4
tanggungjawab,4
jati,4
aerospace,4
vodafone,4
sketsa,4
halaju,4
mayl,4
vettel,4
intertitle,4
penggambaran,4
penayang,4
fps,4
usd,4
komuni,4
sdn,4
bhd,4
myx,4
